Location,Address,Geo
27 Club,"180 Patton Ave, Asheville, NC 28801","35.593324876893845, -82.5591284222902"
A Taste Of El Salvador,"1565 Patton Ave, Asheville, NC 28806","35.57500547651044, -82.61578469515237"
All Souls Pizza,"175 Clingman Ave, Asheville, NC 28801","35.58860829023754, -82.5638854541771"
Arby's,"1360 Tunnel Rd, Asheville, NC 28805","35.58437861161727, -82.46886179480647"
Asheville Retrocade,"800 Haywood Rd #100, Asheville, NC 28806","35.579750267245856, -82.5951003177763"
Baby Bull,"1 Roberts St, Asheville, NC 28801","35.590332185391674, -82.56901128367407"
Bonfire BBQ & Catering,"1056 Patton Ave, Asheville, NC 28806","35.58647865579208, -82.59324300697175"
Brookstone Lodge,"4 Roberts Rd, Asheville, NC 28803","35.555304460681675, -82.5196480337416"
Burger King,"298 Smokey Park Hwy, Asheville, NC 28806","35.5598285925988, -82.63548217424159"
Chick-fil-A,"139 Smokey Park Hwy, Asheville, NC 28806","35.56592475044006, -82.62692455166139"
Cowboys Mexican Grill,"5 Westgate Pkwy # 100, Asheville, NC 28806","35.59097488408302, -82.5746179202786"
Creekside Taphouse,"8 Beverly Rd, Asheville, NC 28805","35.5920306084086, -82.50479945990075"
"Daniel Boone Council, Boy Scouts of America","333 W Haywood St, Asheville, NC 28801","35.59191833909583, -82.56434700573035"
Dobra Tea,"78 N Lexington Ave, Asheville, NC 28801","35.59764929362145, -82.55329920273051"
Dobra Tea,"78 N Lexington Ave, Asheville, NC 28801","35.597491490053024, -82.5533935412069"
Dunkin,"305 Smokey Park Hwy, Asheville, NC 28806","35.560659649996005, -82.63723218181937"
Early Girl Eatery,"444 Haywood Rd #101, Asheville, NC 28806","35.57787774837541, -82.58132217996356"
El Chapala III Mexican Restaurant,"282 Smokey Park Hwy, Asheville, NC 28806","35.56025895521187, -82.63435451486959"
Favilla's New York Pizza,"5 Regent Park Blvd #107, Asheville, NC 28806","35.59045284505234, -82.58193446361157"
Fresh Wood Fired Pizza West,"342 Depot St, Asheville, NC 28801","35.582515957723864, -82.56440244575109"
Green Tea Sushi,"2 Regent Park Blvd, Asheville, NC 28806","35.589626072778366, -82.58246647845453"
Handlebar & Grill,"1655 Old Haywood Rd, Asheville, NC 28806","35.571244726518465, -82.62076457854181"
High Five Coffee,"190 Broadway St #102, Asheville, NC 28801","35.60125512305261, -82.55496890458585"
Hilton Garden Inn,"309 College St, Asheville, NC 28801","35.59738753180218, -82.54591409700812"
John B Lewis Soccer Fields,"439 Azalea Rd E, Asheville, NC 28805","35.57709224335788, -82.4909109861153"
Little Bee Thai,"45 S French Broad Ave #190, Asheville, NC 28801","35.592566003488756, -82.55892756040357"
McDonalds,"800 Fairview Rd, Asheville, NC 28803","35.569695341100484, -82.50617584185042"
Mikado Japanese,"45 Tunnel Rd, Asheville, NC 28805","35.59607554868515, -82.5337381948062"
New Belgium Brewing Company,"21 Craven St, Asheville, NC 28806","35.58740455587263, -82.5715003042396"
O.Henry's,"237 Haywood St, Asheville, NC 28801","35.59501590409896, -82.56131526106286"
Olde London Road English Pub,"270 Depot St, Asheville, NC 28801","35.58459649718312, -82.5648392190827"
Outback Steakhouse,"30 Tunnel Rd, Asheville, NC 28805","35.59794626933105, -82.53315934981394"
Pizza Mind,"285 Haywood Rd Suite 10, Asheville, NC 28806","35.578563545388434, -82.57480136015403"
Rosetta's Kitchen & The Buchi Bar,"116 N Lexington Ave, Asheville, NC 28801","35.59898830561359, -82.55341627203856"
Sonic,"901 Smokey Park Hwy, Candler, NC 28715","35.54815408557357, -82.65573113836722"
The Bier Garden,"46 Haywood St, Asheville, NC 28801","35.59614236170923, -82.55517949132398"
The Bull and Beggar,"37 Paynes Way #007, Asheville, NC 28801","35.586626427351405, -82.5664313027308"
Tupelo Honey,"12 College St, Asheville, NC 28801","35.59492850062956, -82.5549080832358"
Twin Leaf Brewery,"144 Coxe Ave, Asheville, NC 28801","35.58968438642329, -82.55430061892616"
Wedge Brewing Company,"37 Paynes Way, Asheville, NC 28801","35.58651470102914, -82.56630134320257"
YWCA of Asheville,"185 S French Broad Ave, Asheville, NC 28801","35.58765467759505, -82.56021410512848"
